feature,selection_frequency,mean_rank_when_selected,mean_gain_share
F3642,0.7,33.714285714285715,0.0037357985008968026
F3136,0.7,23.714285714285715,0.0022651911943045917
F364,0.6,26.166666666666668,0.0018887854387218362
F3091,0.6,35.5,0.0016271251484427027
F3493,0.6,38.0,0.0013348604498349516
F950,0.6,33.166666666666664,0.0013333102443320432
F3805,0.5,11.0,0.1917827822978823
F3748,0.5,23.8,0.018635599125758805
F3486,0.5,37.0,0.003911546664851681
F3810,0.5,17.6,0.0024080999898079087
F3804,0.5,26.4,0.0017852933991962514
F3640,0.5,33.2,0.0017195813351013264
F3495,0.5,34.6,0.0012387731049085414
F3105,0.4,14.5,0.08032759924538088
F3492,0.4,33.0,0.013495354281115474
F1922,0.4,39.25,0.0017004885058282749
F193,0.4,33.5,0.0016786639858680976
F3796,0.4,32.25,0.0016560305026985093
F1274,0.4,29.5,0.0016306621053470975
F3603,0.4,41.25,0.001296182379199189
F3908,0.4,40.5,0.0012947072636469174
F956,0.4,39.25,0.001267944700161539
F2638,0.4,42.5,0.0011962558334553505
F3886,0.4,49.25,0.0009485300106738928
F1819,0.3,8.333333333333334,0.21070712728259736
F2489,0.3,6.333333333333333,0.13607538221162058
F1813,0.3,21.0,0.11185045314596785
F1057,0.3,11.333333333333334,0.11014987665836133
F1166,0.3,24.333333333333332,0.10373401839507551
F3807,0.3,34.0,0.09216356905345606
F2999,0.3,12.0,0.08323461735163794
F2390,0.3,31.0,0.058082516429610424
F2029,0.3,32.0,0.05629167238977103
F3103,0.3,16.666666666666668,0.0401429753441494
F3811,0.3,21.333333333333332,0.026746202907280244
F471,0.3,11.666666666666666,0.010132374932098632
F466,0.3,23.0,0.0029578033642402336
F3801,0.3,15.333333333333334,0.0027042564760434477
F2686,0.3,24.666666666666668,0.0023968597231103623
F1045,0.3,23.666666666666668,0.0020578868182266476
F2581,0.3,35.0,0.0018745118625413837
F3873,0.3,39.333333333333336,0.001795967899139457
F1863,0.3,36.333333333333336,0.0016441582263803961
F1816,0.3,38.666666666666664,0.0015257932639468742
F468,0.3,39.0,0.0014989132801636494
F3784,0.3,31.0,0.0014922225425849829
MG_RAIL_FRAGMENTATION,0.3,37.0,0.0014385125342410172
F949,0.3,31.0,0.0014132887720691024
F1602,0.3,33.333333333333336,0.0013572350172332641
F2182,0.3,41.333333333333336,0.0013102328756661515
F3487,0.3,33.333333333333336,0.0012960909490724083
F2032,0.3,39.0,0.0012555019157721914
F148,0.3,37.0,0.0012299354153569354
F1710,0.3,37.666666666666664,0.0011972737997617846
F2350,0.3,41.0,0.0011515047132658587
F1249,0.3,42.0,0.0011275246123661749
F1573,0.3,53.333333333333336,0.0008277261712253866
F1815,0.2,2.0,0.1904732228147882
F3799,0.2,15.5,0.13946288642949659
F1597,0.2,17.5,0.06597037528913054
F2397,0.2,6.5,0.039938397548605134
F3592,0.2,7.5,0.03329646035215262
F1831,0.2,27.0,0.027935650389865986
F3813,0.2,21.0,0.027209900652819554
F2831,0.2,26.5,0.02305285134162696
F3073,0.2,21.5,0.022238490303006925
F2598,0.2,15.5,0.018962142338447133
F2672,0.2,13.5,0.01547245726694894
F2691,0.2,15.5,0.01376647041300075
F2595,0.2,21.0,0.011431774426298733
F3835,0.2,12.0,0.006292631080037438
F366,0.2,15.5,0.003060420699168448
F2671,0.2,19.5,0.0025102394319922996
F3921,0.2,19.0,0.002407370657743724
MG_PASSTHROUGH_7D,0.2,18.0,0.0022406597514420734
F2637,0.2,31.0,0.002169114381342143
F1861,0.2,30.0,0.0021014386679493167
F1924,0.2,20.0,0.0020985396032670704
F2184,0.2,24.5,0.002021602079259618
MG_ALERT_CONVERGENCE,0.2,24.5,0.0020114407751208856
F3535,0.2,20.0,0.0019444093541005042
F2681,0.2,38.0,0.0018916439651340722
F3489,0.2,30.0,0.0018140352126961232
F2624,0.2,34.0,0.001800815857187572
F1705,0.2,27.5,0.0017216867549125227
F422,0.2,37.0,0.001699168791321831
F3787,0.2,33.5,0.0016573370616891525
F120,0.2,26.5,0.0016430576192801387
F2738,0.2,24.0,0.0016302517495626417
F164,0.2,30.5,0.001621486223671414
F3802,0.2,36.5,0.0016130447558838188
F163,0.2,27.5,0.0015839237676977807
F1810,0.2,31.0,0.0015801244825934596
F499,0.2,31.5,0.0015750637819615808
F3518,0.2,35.5,0.0014733364383831388
F1897,0.2,37.5,0.0014324142017341783
F3711,0.2,37.0,0.0013970359062359305
F1703,0.2,38.0,0.0013900347746322313
F2736,0.2,31.5,0.001377342472672725
F2685,0.2,38.5,0.0013691315084362018
F1171,0.2,41.0,0.0013513204265989361
F3601,0.2,38.5,0.001348681550761086
F1323,0.2,40.5,0.0013415018912240613
F1495,0.2,34.5,0.0013289768205197977
F2143,0.2,32.0,0.0013256091477231577
F570,0.2,38.5,0.0013113339876513423
F456,0.2,35.0,0.0012921785337620352
F261,0.2,44.0,0.0012775077537251088
F3093,0.2,41.0,0.0012716669161566732
F264,0.2,50.0,0.0012665382607030655
F1165,0.2,40.5,0.0012060200853196731
F158,0.2,49.5,0.001198668382662287
F2527,0.2,39.5,0.0011823895972005226
F3061,0.2,41.0,0.001151711368798803
F1491,0.2,39.0,0.0011084152248350772
F114,0.2,42.0,0.0010980194636832086
F150,0.2,41.0,0.0010897376364267402
F3808,0.2,39.0,0.0010753077018104264
F1273,0.2,45.0,0.0010639982721462906
F1596,0.2,40.5,0.001052257723275487
F1640,0.2,40.0,0.0010299403619221405
F1818,0.2,47.5,0.0010245201495850454
F1209,0.2,49.5,0.00099412113201539
F1929,0.2,44.0,0.0009877067840175077
F2140,0.2,55.5,0.0008909381754612601
F2743,0.2,53.0,0.0008590102228932621
F1058,0.2,51.5,0.0008565543980595424
F3645,0.2,59.0,0.0007769889772266435
F558,0.2,55.5,0.0007234249645565673
F270,0.1,1.0,0.369347781726758
F3806,0.1,1.0,0.3122578967677142
F1706,0.1,2.0,0.2289481526060265
F1712,0.1,2.0,0.2157679622000107
F2486,0.1,3.0,0.10839325371898605
F3700,0.1,3.0,0.09488277513734798
F457,0.1,3.0,0.0786703869941858
F64,0.1,4.0,0.07020542883910146
F1936,0.1,4.0,0.06726661899007078
F573,0.1,5.0,0.05844592349740206
F151,0.1,4.0,0.04800385920172872
F1107,0.1,5.0,0.04381864639140013
F408,0.1,6.0,0.04373503848230879
F1968,0.1,4.0,0.04358733755451367
F2487,0.1,5.0,0.043124130244028634
F325,0.1,5.0,0.04167699878625748
F1939,0.1,5.0,0.04090457625733448
F2244,0.1,6.0,0.039513950014738154
F510,0.1,5.0,0.03739592998939521
F1751,0.1,6.0,0.03465519457460683
F224,0.1,7.0,0.03379368824560781
F1888,0.1,8.0,0.033066363289852255
F68,0.1,6.0,0.030820472075424283
F565,0.1,6.0,0.028227902050629736
F1564,0.1,9.0,0.02580731470404048
F1645,0.1,7.0,0.025587202514592868
F426,0.1,5.0,0.0251309258997267
F580,0.1,8.0,0.02422426104450574
F939,0.1,9.0,0.02340751892546468
F2593,0.1,7.0,0.023313863819522992
F3888,0.1,6.0,0.022039770017990835
F2794,0.1,8.0,0.02145370535439299
F411,0.1,6.0,0.02042775416289779
F1967,0.1,8.0,0.020340501487763007
F2532,0.1,6.0,0.01949729400084597
F2278,0.1,8.0,0.019050016258694437
F3728,0.1,7.0,0.018631055642661185
F3817,0.1,8.0,0.017997761412260872
F3104,0.1,9.0,0.01799509670701085
F3754,0.1,10.0,0.01741156043084883
F3838,0.1,7.0,0.017175365705169244
F3758,0.1,7.0,0.016760529105104192
F3757,0.1,7.0,0.016444381851928546
F454,0.1,9.0,0.016404899850672082
F169,0.1,8.0,0.01579307960897763
F2446,0.1,13.0,0.015113999834658156
F2780,0.1,14.0,0.015040647256253542
F508,0.1,9.0,0.014169420953403258
F327,0.1,10.0,0.013961686759844242
F3843,0.1,12.0,0.0139257293809503
F1849,0.1,10.0,0.013441547936215518
F2610,0.1,9.0,0.013436398707556162
F1281,0.1,11.0,0.013379419609765304
F269,0.1,12.0,0.012419113274701556
F1743,0.1,11.0,0.012152879575591496
F3049,0.1,8.0,0.011772013419959228
F2485,0.1,9.0,0.011416712189206538
F2028,0.1,13.0,0.01072179319958053
F3738,0.1,11.0,0.009518448268798512
F3866,0.1,14.0,0.00822166997608449
F423,0.1,13.0,0.007988098214378922
F2786,0.1,13.0,0.007485983784565922
F19,0.1,15.0,0.007264400745074289
F142,0.1,10.0,0.006981168265847556
F2997,0.1,18.0,0.005758949576934061
F59,0.1,9.0,0.005606466897009142
F2956,0.1,15.0,0.005588076673256568
F267,0.1,10.0,0.004940620899620071
F2781,0.1,11.0,0.004782151059787356
F2357,0.1,12.0,0.004744753610261619
F2643,0.1,17.0,0.004591974912063656
F1851,0.1,13.0,0.004116031470437674
F2341,0.1,15.0,0.004097237755365477
F3515,0.1,10.0,0.004010677975651445
F3644,0.1,20.0,0.003558862744864848
F2787,0.1,21.0,0.0033630950794244613
F2252,0.1,14.0,0.0030979947934360306
F1744,0.1,25.0,0.0030460073366514757
F1821,0.1,14.0,0.0029902107475100292
F3004,0.1,16.0,0.002977679438158967
F564,0.1,12.0,0.002798049953845782
F1489,0.1,27.0,0.0026938562890834413
F3534,0.1,10.0,0.0026902732906774088
F369,0.1,17.0,0.0025470134628618087
F1381,0.1,18.0,0.0025236667778628943
F2481,0.1,28.0,0.002481799143505219
F1803,0.1,18.0,0.002456938902163254
F1279,0.1,20.0,0.0024123703617517055
F3800,0.1,18.0,0.002401494875457186
F513,0.1,19.0,0.002384760621821018
F1387,0.1,29.0,0.002377907900754847
F338,0.1,20.0,0.0023582358671774017
F3872,0.1,31.0,0.002332267258063828
F2242,0.1,19.0,0.002299148678784632
F1740,0.1,34.0,0.002285818042501055
F1760,0.1,23.0,0.002253403246571167
F1862,0.1,19.0,0.0021688319780399034
F1280,0.1,16.0,0.002164934261488478
F1207,0.1,35.0,0.0021523766877054097
F2551,0.1,26.0,0.002146462909289562
F1651,0.1,20.0,0.0021432558528338675
F3661,0.1,22.0,0.002048958864750792
F541,0.1,22.0,0.002035804313626008
F2829,0.1,23.0,0.0020295926024206587
F3583,0.1,27.0,0.0020152037288080765
F3692,0.1,17.0,0.001885101668380049
F3812,0.1,27.0,0.0018716702647084867
F3553,0.1,18.0,0.0018280696072221138
F1533,0.1,30.0,0.0018027083346662859
F2652,0.1,30.0,0.0017796048138767147
F567,0.1,21.0,0.0017729615195042137
F1642,0.1,25.0,0.00177013251393002
F3063,0.1,26.0,0.0017538846040957659
F320,0.1,31.0,0.0017127053658443463
F3057,0.1,27.0,0.0017065243716167027
F3539,0.1,26.0,0.001644624047080515
F1598,0.1,27.0,0.001632701191110708
F2186,0.1,41.0,0.001626073076300215
F1858,0.1,28.0,0.00162186373796079
F1647,0.1,23.0,0.001621862101814737
F1604,0.1,24.0,0.001616964820979344
F24,0.1,25.0,0.0016130138875066337
F219,0.1,42.0,0.001600797302258156
F1585,0.1,28.0,0.0015877005856439637
F2752,0.1,35.0,0.0015870071356516536
F3594,0.1,34.0,0.0015704092458462048
F2737,0.1,36.0,0.0015636937308267766
F2891,0.1,35.0,0.001531812831018981
F3045,0.1,30.0,0.0015257019861269867
F1856,0.1,37.0,0.001512804370532136
F1429,0.1,26.0,0.0015043281329978656
F3526,0.1,22.0,0.0014974865982065547
F1064,0.1,27.0,0.0014932775663461016
F2740,0.1,33.0,0.001467554336553225
F294,0.1,43.0,0.0014539356259413545
F2524,0.1,28.0,0.0014537092603791445
F2303,0.1,32.0,0.0014495994572124135
F376,0.1,29.0,0.0014231693118703231
F467,0.1,33.0,0.0013970907259775794
F1214,0.1,26.0,0.0013722537857805027
F3650,0.1,46.0,0.0013695435710796488
F1814,0.1,29.0,0.001363094792479021
F1213,0.1,27.0,0.001361653637330662
F311,0.1,36.0,0.0013443699061331958
F1246,0.1,38.0,0.0013328393927611356
F1369,0.1,36.0,0.0013235436447538813
F2779,0.1,48.0,0.00132210936895853
F2388,0.1,35.0,0.0012971370894579652
F2017,0.1,39.0,0.0012850542822045532
F3749,0.1,41.0,0.0012827183226638542
F937,0.1,36.0,0.0012770091221809086
F1215,0.1,33.0,0.0012666412249350857
F1383,0.1,26.0,0.0012665117133720094
F2423,0.1,50.0,0.0012547038920020675
F1921,0.1,32.0,0.0012539701711148257
F2739,0.1,39.0,0.0012489559557279143
F2537,0.1,40.0,0.0012430052071555528
F2126,0.1,41.0,0.0012315872202864227
F2543,0.1,43.0,0.0012219208885573608
F3676,0.1,35.0,0.0012028239627258181
F2792,0.1,37.0,0.0011976219142684423
F50,0.1,44.0,0.0011971425221149153
F2441,0.1,45.0,0.00119006512983567
F3709,0.1,42.0,0.001176950003513828
F2785,0.1,54.0,0.0011743236290924657
F3643,0.1,30.0,0.0011718208440506322
F2378,0.1,45.0,0.0011608338470750384
F2293,0.1,37.0,0.0011524727379194648
F228,0.1,46.0,0.0011262887807159086
F109,0.1,39.0,0.0011249457073667496
F1927,0.1,47.0,0.001116085869756209
F322,0.1,46.0,0.0011052831197275413
F1321,0.1,40.0,0.001099579397566429
F3003,0.1,41.0,0.0010810795097295626
F460,0.1,34.0,0.001078372393045333
F2480,0.1,36.0,0.0010761360610594395
F1909,0.1,50.0,0.0010751528874887184
F2889,0.1,58.0,0.001071618577747305
F844,0.1,39.0,0.0010657705563592319
F420,0.1,44.0,0.0010619504315142094
F3056,0.1,43.0,0.001059929896586767
F160,0.1,42.0,0.00105180187865108
F62,0.1,59.0,0.0010510883065816142
F3079,0.1,52.0,0.0010342206421981401
F2644,0.1,48.0,0.001030267746115191
F1868,0.1,43.0,0.0010279332628275264
F470,0.1,44.0,0.0010167911510936924
F3109,0.1,41.0,0.0010138746353698406
F156,0.1,49.0,0.0010070008164487854
F3043,0.1,53.0,0.001002070717266281
F2429,0.1,53.0,0.0009974201074937862
F524,0.1,44.0,0.0009849950132365122
F1802,0.1,52.0,0.0009807660405370846
F268,0.1,46.0,0.000978012533127846
F3742,0.1,54.0,0.000976881930409198
F531,0.1,46.0,0.0009764247823791844
F527,0.1,47.0,0.000975862923376373
F1812,0.1,46.0,0.0009730749438834741
F2484,0.1,56.0,0.0009671774006494108
F365,0.1,57.0,0.0009639890714399851
F2591,0.1,47.0,0.000961837085913969
F3900,0.1,46.0,0.0009461584619990312
F3744,0.1,55.0,0.0009445939934043436
F476,0.1,59.0,0.0009443946462847198
F117,0.1,49.0,0.0009438898468867885
F1327,0.1,47.0,0.0009334808868651966
F1382,0.1,50.0,0.000930367346982507
F496,0.1,49.0,0.0009114914385209238
F1167,0.1,49.0,0.0009066453506975044
F2783,0.1,56.0,0.0008975079474864028
F1153,0.1,58.0,0.0008923998203956029
F3837,0.1,54.0,0.0008729328477913783
F326,0.1,49.0,0.0008726367400548418
F323,0.1,51.0,0.0008496012229706046
F526,0.1,52.0,0.0008279930376778867
F1971,0.1,56.0,0.0008193165053880478
F2675,0.1,45.0,0.0008165702542571849
F2735,0.1,57.0,0.0008148301428203481
F2499,0.1,53.0,0.0008102076081822513
F2284,0.1,55.0,0.0008059840402969702
F2482,0.1,46.0,0.0008047455967136685
F196,0.1,55.0,0.0007993550152317149
F3062,0.1,54.0,0.0007716713124642947
F1708,0.1,58.0,0.0007635709483122776
F1490,0.1,57.0,0.0007574438026802479
F1853,0.1,59.0,0.0007535698217413542
F145,0.1,58.0,0.0007486690940643758
F2125,0.1,59.0,0.0007435494912071026
F2035,0.1,59.0,0.0007402438764719762
F2067,0.1,60.0,0.0007336565454604794
F1389,0.1,50.0,0.0007182009580175505
F2068,0.1,56.0,0.0007073313187947101
F2076,0.1,57.0,0.0006959511090955554
F1084,0.1,53.0,0.0006896013125267294
F2903,0.1,59.0,0.0006812450290322389
F3798,0.1,60.0,0.0006709631948610041
F1105,0.1,55.0,0.0006447509120279081
F1431,0.1,56.0,0.0006354355076148414
F328,0.1,59.0,0.0006174678010429552
F1106,0.1,60.0,0.0006174464539918585
