feature,selection_frequency
F3898,1.0
F3908,1.0
F3914,1.0
F3913,0.9949999999999999
F1863,0.9650000000000001
F158,0.9400000000000001
F2074,0.925
F3886,0.875
F3640,0.805
F1084,0.7949999999999999
F886,0.715
F1570,0.695
F2387,0.6799999999999999
F1968,0.67
F267,0.665
F564,0.635
F3921,0.59
F2999,0.585
F3920,0.575
F996,0.5349999999999999
F479,0.53
F1367,0.51
F259,0.5050000000000001
F3105,0.495
F3534,0.495
F2686,0.49000000000000005
F474,0.48
F270,0.47000000000000003
F159,0.465
F162,0.465
F2486,0.45999999999999996
F3805,0.45999999999999996
F2612,0.45499999999999996
F2076,0.445
F2385,0.44499999999999995
F838,0.43499999999999994
F2386,0.43499999999999994
F3868,0.43000000000000005
F3502,0.43
F3811,0.43
F2595,0.42499999999999993
F12,0.41
F1224,0.41
F1320,0.41
F1755,0.41
F3799,0.4
F2998,0.3949999999999999
F2281,0.385
F3916,0.385
F448,0.37
F1936,0.37
F1813,0.365
F3919,0.365
F1198,0.36
F1216,0.36
F1246,0.36
F1384,0.36
F3484,0.36
F450,0.35
F2489,0.34500000000000003
F2890,0.34500000000000003
F1086,0.345
F304,0.335
F2891,0.33
F141,0.325
F949,0.31999999999999995
F3806,0.31999999999999995
F3528,0.315
F2184,0.30999999999999994
F1427,0.305
F1057,0.29500000000000004
F1597,0.29500000000000004
F3532,0.29500000000000004
F1165,0.29
F3807,0.29
F510,0.28500000000000003
F984,0.28
F105,0.27999999999999997
F2390,0.27999999999999997
F1529,0.275
F778,0.27
F3801,0.26999999999999996
F1319,0.265
F1540,0.265
F2137,0.265
F2585,0.265
F2624,0.265
F2724,0.265
F3492,0.265
F1705,0.26499999999999996
F2485,0.26
F1966,0.25999999999999995
F2290,0.255
F2484,0.255
F302,0.25
F1200,0.25
F1819,0.25
F1921,0.25
F2233,0.25
F3337,0.25
F3922,0.25
F1222,0.24500000000000002
F3819,0.24500000000000002
F730,0.24000000000000005
F400,0.24
F3748,0.24
F3750,0.24
F1612,0.23500000000000001
F1815,0.23500000000000001
F53,0.23499999999999996
F338,0.22999999999999998
F1462,0.22999999999999998
F3800,0.22999999999999998
F628,0.225
F457,0.22000000000000003
F1205,0.22000000000000003
F2182,0.22000000000000003
F567,0.21999999999999997
F1647,0.21999999999999997
F2029,0.21999999999999997
F200,0.21500000000000002
F262,0.21500000000000002
F736,0.215
F328,0.21000000000000002
F2772,0.21000000000000002
F3701,0.21000000000000002
F3923,0.21000000000000002
F1166,0.20500000000000002
F2593,0.20500000000000002
F2787,0.20500000000000002
F201,0.205
F139,0.2
F157,0.19999999999999998
F3813,0.19999999999999998
F61,0.195
F422,0.195
F964,0.195
F1078,0.195
F2418,0.195
F3598,0.195
F148,0.19
F376,0.19
F1318,0.19
F417,0.185
F3702,0.185
F92,0.18
F156,0.18
F336,0.18
F935,0.18
F1058,0.18
F3526,0.18
F3708,0.18
F3812,0.175
F3900,0.175
F281,0.17
F2388,0.17
F3238,0.17
F62,0.165
F415,0.165
F2357,0.165
F3104,0.165
F1381,0.16499999999999998
F1821,0.16499999999999998
F2328,0.16499999999999998
F3103,0.16499999999999998
F3642,0.16499999999999998
F58,0.16
F477,0.16
F1814,0.16
F3536,0.16
F3706,0.16
F98,0.15999999999999998
F1186,0.15999999999999998
F2786,0.15999999999999998
F3700,0.15999999999999998
F64,0.155
F204,0.155
F524,0.155
F2488,0.155
F3485,0.155
F3634,0.15499999999999997
F3641,0.15499999999999997
F255,0.15
F301,0.15
F379,0.15
F1157,0.15
F1385,0.15
F2443,0.15
F2487,0.15
F2583,0.15
F3831,0.14999999999999997
F160,0.14500000000000002
F260,0.14500000000000002
F1489,0.14500000000000002
F1707,0.14500000000000002
F2685,0.14500000000000002
F116,0.145
F2346,0.14499999999999996
F2784,0.14499999999999996
F358,0.14
F408,0.14
F3841,0.14
F163,0.13999999999999999
F1072,0.13999999999999999
F1277,0.13999999999999999
F2293,0.13999999999999999
F2683,0.13999999999999999
F3226,0.13999999999999999
F3258,0.13999999999999999
F3490,0.13999999999999999
F322,0.135
F85,0.13499999999999998
F1273,0.13499999999999998
F2138,0.13499999999999998
F2142,0.13499999999999998
F2291,0.13499999999999998
F366,0.13
F995,0.13
F2288,0.13
F2375,0.13
F2478,0.13
F2770,0.13
F3751,0.13
F280,0.125
F459,0.125
F2783,0.125
F2340,0.12499999999999997
F227,0.12000000000000002
F573,0.12000000000000002
F1151,0.12000000000000002
F2236,0.12000000000000002
F3892,0.12000000000000002
F56,0.12
F138,0.12
F161,0.12
F198,0.12
F562,0.12
F950,0.12
F1276,0.12
F2380,0.12
F2527,0.12
F3533,0.12
F150,0.11500000000000002
F368,0.11500000000000002
F467,0.11500000000000002
F2652,0.11500000000000002
F5,0.11499999999999999
F119,0.11499999999999999
F209,0.11499999999999999
F268,0.11499999999999999
F2292,0.11499999999999999
F2506,0.11499999999999999
F2735,0.11499999999999999
F3643,0.11499999999999999
F3749,0.11499999999999999
F154,0.11000000000000001
F421,0.11000000000000001
F465,0.11000000000000001
F570,0.11000000000000001
F1598,0.11000000000000001
F2152,0.11000000000000001
F2279,0.11000000000000001
F2343,0.11000000000000001
F2537,0.11000000000000001
F2582,0.11000000000000001
F2635,0.11000000000000001
F33,0.10999999999999999
F244,0.10500000000000001
F272,0.10500000000000001
F402,0.10500000000000001
F468,0.10500000000000001
F2044,0.10500000000000001
F2392,0.10500000000000001
F2446,0.10500000000000001
F2540,0.10500000000000001
F2551,0.10500000000000001
F206,0.10499999999999998
F2479,0.10499999999999998
F2682,0.10000000000000002
F93,0.1
F246,0.1
F265,0.1
F266,0.1
F365,0.1
F369,0.1
F464,0.1
F1103,0.1
F1167,0.1
F1861,0.1
F1922,0.1
F2143,0.1
F2349,0.1
F2379,0.1
F2694,0.1
F2744,0.1
F2819,0.1
F2967,0.1
F3486,0.1
F3829,0.1
F3899,0.1
F1706,0.09999999999999999
F1278,0.09500000000000001
F2,0.095
F113,0.095
F120,0.095
F187,0.095
F269,0.095
F378,0.095
F569,0.095
F1490,0.095
F2030,0.095
F2341,0.095
F2381,0.095
F2584,0.095
F2638,0.095
F2674,0.095
F2722,0.095
F3535,0.095
F3600,0.095
F3707,0.095
F2575,0.09499999999999999
F454,0.09000000000000001
F2440,0.09000000000000001
F2644,0.09000000000000001
F2785,0.09000000000000001
F3742,0.09000000000000001
F20,0.09
F63,0.09
F147,0.09
F151,0.09
F238,0.09
F321,0.09
F470,0.09
F523,0.09
F622,0.09
F1599,0.09
F1956,0.09
F2391,0.09
F2738,0.09
F3645,0.09
F3818,0.09
F3823,0.09
F428,0.085
F461,0.085
F525,0.085
F1188,0.085
F1967,0.085
F2139,0.085
F2534,0.085
F2598,0.085
F2997,0.085
F3817,0.085
F243,0.08499999999999999
F460,0.08499999999999999
F565,0.08499999999999999
F1603,0.08499999999999999
F1711,0.08499999999999999
F1820,0.08499999999999999
F2578,0.08499999999999999
F3073,0.08499999999999999
F2542,0.08000000000000002
F2684,0.08000000000000002
F241,0.08
F343,0.08
F367,0.08
F407,0.08
F453,0.08
F502,0.08
F604,0.08
F1475,0.08
F1927,0.08
F2289,0.08
F2518,0.08
F2524,0.08
F2776,0.08
F2991,0.08
F3093,0.08
F3097,0.08
F3098,0.08
F3752,0.08
F364,0.07999999999999999
F505,0.07999999999999999
F2779,0.07999999999999999
F3594,0.07999999999999999
F388,0.07500000000000001
F1259,0.07500000000000001
F2641,0.07500000000000001
F2671,0.07500000000000001
F2681,0.07500000000000001
F3537,0.07500000000000001
F278,0.075
F323,0.075
F410,0.075
F425,0.075
F504,0.075
F513,0.075
F528,0.075
F967,0.075
F1059,0.075
F1923,0.075
F2062,0.075
F2064,0.075
F2075,0.075
F2339,0.075
F2389,0.075
F2491,0.075
F2543,0.075
F2574,0.075
F2782,0.075
F2825,0.075
F2859,0.075
F3443,0.075
F3660,0.075
F3753,0.075
F3842,0.075
F103,0.07
F196,0.07
F226,0.07
F506,0.07
F580,0.07
F2420,0.07
F2586,0.07
F2669,0.07
F2889,0.07
F3091,0.07
F3871,0.07
F3894,0.07
F405,0.06999999999999999
F456,0.06999999999999999
F521,0.06999999999999999
F572,0.06999999999999999
F1043,0.06999999999999999
F2144,0.06999999999999999
F2345,0.06999999999999999
F2672,0.06999999999999999
F2741,0.06999999999999999
F2985,0.06999999999999999
F3487,0.06999999999999999
F3820,0.06999999999999999
F3825,0.06999999999999999
F3826,0.06999999999999999
F88,0.06500000000000002
F2429,0.06500000000000002
F2675,0.06500000000000002
F3635,0.06500000000000002
F55,0.065
F220,0.065
F288,0.065
F463,0.065
F471,0.065
F527,0.065
F1387,0.065
F1971,0.065
F2028,0.065
F2035,0.065
F2135,0.065
F2183,0.065
F2185,0.065
F2327,0.065
F2347,0.065
F2737,0.065
F3401,0.065
F3743,0.065
F3843,0.065
F3897,0.065
F3530,0.06499999999999999
F3593,0.06499999999999999
F423,0.06000000000000001
F531,0.06000000000000001
F1510,0.06000000000000001
F1605,0.06000000000000001
F2034,0.06000000000000001
F2350,0.06000000000000001
F2447,0.06000000000000001
F2576,0.06000000000000001
F2591,0.06000000000000001
F3110,0.06000000000000001
F3736,0.06000000000000001
F3814,0.06000000000000001
F3833,0.06000000000000001
F3887,0.06000000000000001
F60,0.06
F115,0.06
F360,0.06
F556,0.06
F844,0.06
F1382,0.06
F1492,0.06
F2031,0.06
F2079,0.06
F2136,0.06
F2282,0.06
F2342,0.06
F2382,0.06
F2437,0.06
F2536,0.06
F2645,0.06
F2877,0.06
F2987,0.06
F3838,0.06
F6,0.05500000000000001
F23,0.05500000000000001
F108,0.05500000000000001
F109,0.05500000000000001
F110,0.05500000000000001
F250,0.05500000000000001
F325,0.05500000000000001
F359,0.05500000000000001
F427,0.05500000000000001
F473,0.05500000000000001
F529,0.05500000000000001
F530,0.05500000000000001
F574,0.05500000000000001
F953,0.05500000000000001
F1172,0.05500000000000001
F1491,0.05500000000000001
F1644,0.05500000000000001
F1926,0.05500000000000001
F2070,0.05500000000000001
F2077,0.05500000000000001
F2134,0.05500000000000001
F2187,0.05500000000000001
F2408,0.05500000000000001
F2482,0.05500000000000001
F2517,0.05500000000000001
F2522,0.05500000000000001
F2577,0.05500000000000001
F2579,0.05500000000000001
F2679,0.05500000000000001
F2727,0.05500000000000001
F2743,0.05500000000000001
F2792,0.05500000000000001
F2919,0.05500000000000001
F3043,0.05500000000000001
F3495,0.05500000000000001
F3644,0.05500000000000001
F3738,0.05500000000000001
F3744,0.05500000000000001
F3755,0.05500000000000001
F3796,0.05500000000000001
F3827,0.05500000000000001
F3830,0.05500000000000001
F3832,0.05500000000000001
F3873,0.05500000000000001
F3888,0.05500000000000001
F35,0.05499999999999999
F1713,0.05499999999999999
F2145,0.05499999999999999
F2442,0.05499999999999999
F2739,0.05499999999999999
F3821,0.05499999999999999
F327,0.05000000000000001
F1214,0.05000000000000001
F31,0.05
F112,0.05
F224,0.05
F253,0.05
F373,0.05
F472,0.05
F482,0.05
F566,0.05
F571,0.05
F673,0.05
F781,0.05
F955,0.05
F1080,0.05
F1171,0.05
F1192,0.05
F1594,0.05
F1660,0.05
F2189,0.05
F2247,0.05
F2253,0.05
F2441,0.05
F2572,0.05
F2587,0.05
F2590,0.05
F2637,0.05
F2639,0.05
F2678,0.05
F3062,0.05
F3099,0.05
F3539,0.05
F3636,0.05
F3793,0.05
F3808,0.05
F3880,0.05
F261,0.049999999999999996
F319,0.049999999999999996
F409,0.049999999999999996
F1064,0.049999999999999996
F1496,0.049999999999999996
F2246,0.049999999999999996
F2436,0.049999999999999996
F2581,0.049999999999999996
F2691,0.049999999999999996
F3491,0.049999999999999996
F3610,0.049999999999999996
F111,0.045000000000000005
F462,0.045000000000000005
F538,0.045000000000000005
F847,0.045000000000000005
F1811,0.045000000000000005
F1858,0.045000000000000005
F2554,0.045000000000000005
F2745,0.045000000000000005
F3527,0.045000000000000005
F3810,0.045000000000000005
F24,0.045
F87,0.045
F117,0.045
F118,0.045
F145,0.045
F178,0.045
F180,0.045
F190,0.045
F283,0.045
F326,0.045
F361,0.045
F371,0.045
F374,0.045
F381,0.045
F419,0.045
F420,0.045
F466,0.045
F469,0.045
F475,0.045
F558,0.045
F670,0.045
F951,0.045
F1063,0.045
F1215,0.045
F1604,0.045
F1640,0.045
F1712,0.045
F1747,0.045
F1810,0.045
F1920,0.045
F1929,0.045
F1962,0.045
F2078,0.045
F2140,0.045
F2155,0.045
F2170,0.045
F2383,0.045
F2395,0.045
F2438,0.045
F2444,0.045
F2474,0.045
F2494,0.045
F2676,0.045
F2688,0.045
F2789,0.045
F2794,0.045
F2799,0.045
F2842,0.045
F2848,0.045
F2992,0.045
F3489,0.045
F3493,0.045
F3599,0.045
F3601,0.045
F3718,0.045
F3816,0.045
F3855,0.045
F3881,0.045
F59,0.04
F221,0.04
F223,0.04
F235,0.04
F296,0.04
F478,0.04
F541,0.04
F568,0.04
F631,0.04
F1211,0.04
F1383,0.04
F1531,0.04
F1704,0.04
F1752,0.04
F1862,0.04
F1939,0.04
F1987,0.04
F2027,0.04
F2245,0.04
F2252,0.04
F2298,0.04
F2454,0.04
F2643,0.04
F2791,0.04
F2949,0.04
F3454,0.04
F3703,0.04
F3720,0.04
F3809,0.04
F3834,0.04
F3858,0.04
F74,0.039999999999999994
F155,0.039999999999999994
F203,0.039999999999999994
F222,0.039999999999999994
F308,0.039999999999999994
F424,0.039999999999999994
F429,0.039999999999999994
F585,0.039999999999999994
F889,0.039999999999999994
F954,0.039999999999999994
F956,0.039999999999999994
F998,0.039999999999999994
F1138,0.039999999999999994
F1856,0.039999999999999994
F1970,0.039999999999999994
F2014,0.039999999999999994
F2186,0.039999999999999994
F2439,0.039999999999999994
F2687,0.039999999999999994
F3109,0.039999999999999994
F3628,0.039999999999999994
F3797,0.039999999999999994
F3802,0.039999999999999994
F3835,0.039999999999999994
F3860,0.039999999999999994
F57,0.035
F275,0.035
F320,0.035
F439,0.035
F1495,0.035
F1816,0.035
F1969,0.035
F2242,0.035
F2243,0.035
F2249,0.035
F2283,0.035
F2344,0.035
F2348,0.035
F2394,0.035
F2588,0.035
F2654,0.035
F2742,0.035
F2884,0.035
F3143,0.035
F3529,0.035
F3603,0.035
F19,0.034999999999999996
F72,0.034999999999999996
F75,0.034999999999999996
F199,0.034999999999999996
F342,0.034999999999999996
F436,0.034999999999999996
F526,0.034999999999999996
F563,0.034999999999999996
F625,0.034999999999999996
F672,0.034999999999999996
F991,0.034999999999999996
F1015,0.034999999999999996
F1061,0.034999999999999996
F1075,0.034999999999999996
F1173,0.034999999999999996
F1274,0.034999999999999996
F1323,0.034999999999999996
F1330,0.034999999999999996
F1539,0.034999999999999996
F1602,0.034999999999999996
F1812,0.034999999999999996
F1828,0.034999999999999996
F1859,0.034999999999999996
F1924,0.034999999999999996
F1928,0.034999999999999996
F1954,0.034999999999999996
F2172,0.034999999999999996
F2248,0.034999999999999996
F2250,0.034999999999999996
F2263,0.034999999999999996
F2297,0.034999999999999996
F2496,0.034999999999999996
F2535,0.034999999999999996
F2538,0.034999999999999996
F2541,0.034999999999999996
F2627,0.034999999999999996
F2636,0.034999999999999996
F2690,0.034999999999999996
F2752,0.034999999999999996
F2778,0.034999999999999996
F2780,0.034999999999999996
F2796,0.034999999999999996
F2879,0.034999999999999996
F2896,0.034999999999999996
F2957,0.034999999999999996
F3004,0.034999999999999996
F3063,0.034999999999999996
F3121,0.034999999999999996
F3515,0.034999999999999996
F3592,0.034999999999999996
F3725,0.034999999999999996
F3822,0.034999999999999996
F3824,0.034999999999999996
F3839,0.034999999999999996
F3840,0.034999999999999996
F3865,0.034999999999999996
F14,0.030000000000000006
F324,0.030000000000000006
F329,0.030000000000000006
F406,0.030000000000000006
F411,0.030000000000000006
F508,0.030000000000000006
F575,0.030000000000000006
F605,0.030000000000000006
F1106,0.030000000000000006
F1206,0.030000000000000006
F1207,0.030000000000000006
F1428,0.030000000000000006
F1530,0.030000000000000006
F1720,0.030000000000000006
F1753,0.030000000000000006
F1855,0.030000000000000006
F2178,0.030000000000000006
F2295,0.030000000000000006
F2445,0.030000000000000006
F2539,0.030000000000000006
F2610,0.030000000000000006
F2677,0.030000000000000006
F2693,0.030000000000000006
F2895,0.030000000000000006
F3056,0.030000000000000006
F3404,0.030000000000000006
F3488,0.030000000000000006
F3505,0.030000000000000006
F3552,0.030000000000000006
F3754,0.030000000000000006
F3795,0.030000000000000006
F3828,0.030000000000000006
F3837,0.030000000000000006
F3845,0.030000000000000006
F3891,0.030000000000000006
F3909,0.030000000000000006
F13,0.03
F50,0.03
F71,0.03
F90,0.03
F95,0.03
F96,0.03
F152,0.03
F217,0.03
F218,0.03
F228,0.03
F256,0.03
F274,0.03
F297,0.03
F340,0.03
F451,0.03
F546,0.03
F739,0.03
F997,0.03
F1194,0.03
F1388,0.03
F1744,0.03
F1867,0.03
F1925,0.03
F2036,0.03
F2251,0.03
F2286,0.03
F2423,0.03
F2480,0.03
F2481,0.03
F2950,0.03
F2951,0.03
F2956,0.03
F3144,0.03
F3446,0.03
F3709,0.03
F3745,0.03
F3798,0.03
F3815,0.03
F3836,0.03
F1,0.025
F16,0.025
F17,0.025
F40,0.025
F91,0.025
F99,0.025
F101,0.025
F130,0.025
F167,0.025
F219,0.025
F247,0.025
F271,0.025
F294,0.025
F306,0.025
F380,0.025
F414,0.025
F426,0.025
F503,0.025
F507,0.025
F547,0.025
F577,0.025
F988,0.025
F994,0.025
F1006,0.025
F1105,0.025
F1154,0.025
F1183,0.025
F1204,0.025
F1212,0.025
F1257,0.025
F1279,0.025
F1315,0.025
F1438,0.025
F1538,0.025
F1596,0.025
F1645,0.025
F1708,0.025
F1723,0.025
F1743,0.025
F1751,0.025
F1793,0.025
F1817,0.025
F1818,0.025
F1849,0.025
F1852,0.025
F1860,0.025
F1918,0.025
F1964,0.025
F2037,0.025
F2092,0.025
F2176,0.025
F2177,0.025
F2215,0.025
F2285,0.025
F2302,0.025
F2359,0.025
F2499,0.025
F2523,0.025
F2525,0.025
F2569,0.025
F2571,0.025
F2625,0.025
F2640,0.025
F2721,0.025
F2755,0.025
F2773,0.025
F2777,0.025
F2781,0.025
F2993,0.025
F3038,0.025
F3044,0.025
F3142,0.025
F3494,0.025
F3518,0.025
F3541,0.025
F3597,0.025
F3637,0.025
F3638,0.025
F3646,0.025
F3647,0.025
F3705,0.025
F3746,0.025
F3760,0.025
F3768,0.025
F3804,0.025
F3846,0.025
F3849,0.025
F3864,0.025
F3866,0.025
F3867,0.025
F3882,0.025
F3893,0.025
F3907,0.025
F4,0.02
F18,0.02
F21,0.02
F22,0.02
F38,0.02
F68,0.02
F114,0.02
F164,0.02
F165,0.02
F202,0.02
F249,0.02
F258,0.02
F263,0.02
F279,0.02
F299,0.02
F311,0.02
F345,0.02
F362,0.02
F363,0.02
F370,0.02
F377,0.02
F445,0.02
F447,0.02
F476,0.02
F490,0.02
F520,0.02
F522,0.02
F578,0.02
F607,0.02
F733,0.02
F957,0.02
F970,0.02
F972,0.02
F992,0.02
F1096,0.02
F1097,0.02
F1107,0.02
F1112,0.02
F1208,0.02
F1218,0.02
F1223,0.02
F1258,0.02
F1275,0.02
F1281,0.02
F1316,0.02
F1321,0.02
F1322,0.02
F1423,0.02
F1512,0.02
F1535,0.02
F1537,0.02
F1595,0.02
F1600,0.02
F1615,0.02
F1646,0.02
F1685,0.02
F1702,0.02
F1703,0.02
F1740,0.02
F1750,0.02
F1754,0.02
F1906,0.02
F1961,0.02
F1984,0.02
F2008,0.02
F2033,0.02
F2068,0.02
F2080,0.02
F2081,0.02
F2084,0.02
F2141,0.02
F2179,0.02
F2284,0.02
F2303,0.02
F2397,0.02
F2425,0.02
F2457,0.02
F2483,0.02
F2532,0.02
F2544,0.02
F2613,0.02
F2619,0.02
F2634,0.02
F2716,0.02
F2719,0.02
F2720,0.02
F2723,0.02
F2733,0.02
F2736,0.02
F2740,0.02
F2775,0.02
F2831,0.02
F2837,0.02
F2841,0.02
F2843,0.02
F2865,0.02
F2883,0.02
F2885,0.02
F2937,0.02
F2938,0.02
F3003,0.02
F3009,0.02
F3055,0.02
F3057,0.02
F3061,0.02
F3079,0.02
F3111,0.02
F3138,0.02
F3542,0.02
F3550,0.02
F3568,0.02
F3595,0.02
F3596,0.02
F3612,0.02
F3630,0.02
F3649,0.02
F3650,0.02
F3658,0.02
F3685,0.02
F3687,0.02
F3688,0.02
F3693,0.02
F3704,0.02
F3729,0.02
F3735,0.02
F3741,0.02
F3792,0.02
F3847,0.02
F3852,0.02
F3859,0.02
F3861,0.02
F3870,0.02
F3872,0.02
F3883,0.02
F3896,0.02
F3904,0.02
F37,0.015000000000000003
F77,0.015000000000000003
F153,0.015000000000000003
F225,0.015000000000000003
F264,0.015000000000000003
F273,0.015000000000000003
F277,0.015000000000000003
F318,0.015000000000000003
F352,0.015000000000000003
F391,0.015000000000000003
F444,0.015000000000000003
F480,0.015000000000000003
F483,0.015000000000000003
F493,0.015000000000000003
F544,0.015000000000000003
F559,0.015000000000000003
F581,0.015000000000000003
F608,0.015000000000000003
F1004,0.015000000000000003
F1092,0.015000000000000003
F1099,0.015000000000000003
F1201,0.015000000000000003
F1219,0.015000000000000003
F1231,0.015000000000000003
F1280,0.015000000000000003
F1386,0.015000000000000003
F1389,0.015000000000000003
F1430,0.015000000000000003
F1465,0.015000000000000003
F1497,0.015000000000000003
F1536,0.015000000000000003
F1601,0.015000000000000003
F1629,0.015000000000000003
F1632,0.015000000000000003
F1635,0.015000000000000003
F1642,0.015000000000000003
F1652,0.015000000000000003
F1710,0.015000000000000003
F1760,0.015000000000000003
F1907,0.015000000000000003
F1919,0.015000000000000003
F1957,0.015000000000000003
F1963,0.015000000000000003
F1972,0.015000000000000003
F1973,0.015000000000000003
F1974,0.015000000000000003
F1975,0.015000000000000003
F1996,0.015000000000000003
F2026,0.015000000000000003
F2047,0.015000000000000003
F2072,0.015000000000000003
F2116,0.015000000000000003
F2121,0.015000000000000003
F2175,0.015000000000000003
F2188,0.015000000000000003
F2191,0.015000000000000003
F2200,0.015000000000000003
F2203,0.015000000000000003
F2212,0.015000000000000003
F2244,0.015000000000000003
F2261,0.015000000000000003
F2278,0.015000000000000003
F2287,0.015000000000000003
F2315,0.015000000000000003
F2424,0.015000000000000003
F2475,0.015000000000000003
F2498,0.015000000000000003
F2501,0.015000000000000003
F2580,0.015000000000000003
F2596,0.015000000000000003
F2621,0.015000000000000003
F2623,0.015000000000000003
F2663,0.015000000000000003
F2697,0.015000000000000003
F2717,0.015000000000000003
F2718,0.015000000000000003
F2730,0.015000000000000003
F2788,0.015000000000000003
F2797,0.015000000000000003
F2824,0.015000000000000003
F2907,0.015000000000000003
F2925,0.015000000000000003
F2955,0.015000000000000003
F2973,0.015000000000000003
F3085,0.015000000000000003
F3087,0.015000000000000003
F3197,0.015000000000000003
F3229,0.015000000000000003
F3519,0.015000000000000003
F3531,0.015000000000000003
F3538,0.015000000000000003
F3574,0.015000000000000003
F3602,0.015000000000000003
F3676,0.015000000000000003
F3677,0.015000000000000003
F3678,0.015000000000000003
F3682,0.015000000000000003
F3684,0.015000000000000003
F3691,0.015000000000000003
F3710,0.015000000000000003
F3711,0.015000000000000003
F3721,0.015000000000000003
F3733,0.015000000000000003
F3739,0.015000000000000003
F3757,0.015000000000000003
F3786,0.015000000000000003
F3794,0.015000000000000003
F3803,0.015000000000000003
F3844,0.015000000000000003
F3848,0.015000000000000003
F3850,0.015000000000000003
F3851,0.015000000000000003
F3853,0.015000000000000003
F3854,0.015000000000000003
F3856,0.015000000000000003
F3869,0.015000000000000003
F3885,0.015000000000000003
F208,0.015
F606,0.015
F1146,0.015
F1572,0.015
F1905,0.015
F2065,0.015
F2933,0.015
F3326,0.015
F10,0.01
F15,0.01
F47,0.01
F54,0.01
F66,0.01
F73,0.01
F89,0.01
F100,0.01
F127,0.01
F133,0.01
F136,0.01
F142,0.01
F166,0.01
F169,0.01
F171,0.01
F172,0.01
F174,0.01
F207,0.01
F210,0.01
F300,0.01
F305,0.01
F309,0.01
F351,0.01
F354,0.01
F397,0.01
F398,0.01
F403,0.01
F404,0.01
F442,0.01
F481,0.01
F499,0.01
F501,0.01
F512,0.01
F583,0.01
F598,0.01
F600,0.01
F601,0.01
F603,0.01
F613,0.01
F841,0.01
F934,0.01
F1012,0.01
F1028,0.01
F1040,0.01
F1042,0.01
F1045,0.01
F1047,0.01
F1083,0.01
F1093,0.01
F1095,0.01
F1110,0.01
F1111,0.01
F1123,0.01
F1147,0.01
F1152,0.01
F1195,0.01
F1213,0.01
F1220,0.01
F1253,0.01
F1255,0.01
F1261,0.01
F1270,0.01
F1312,0.01
F1324,0.01
F1364,0.01
F1378,0.01
F1420,0.01
F1440,0.01
F1467,0.01
F1476,0.01
F1477,0.01
F1486,0.01
F1532,0.01
F1638,0.01
F1639,0.01
F1643,0.01
F1663,0.01
F1737,0.01
F1738,0.01
F1741,0.01
F1748,0.01
F1756,0.01
F1759,0.01
F1792,0.01
F1795,0.01
F1797,0.01
F1831,0.01
F1845,0.01
F1851,0.01
F1868,0.01
F1876,0.01
F1891,0.01
F1910,0.01
F1953,0.01
F1959,0.01
F1976,0.01
F1979,0.01
F2009,0.01
F2017,0.01
F2050,0.01
F2067,0.01
F2069,0.01
F2087,0.01
F2095,0.01
F2107,0.01
F2110,0.01
F2117,0.01
F2118,0.01
F2173,0.01
F2180,0.01
F2192,0.01
F2195,0.01
F2218,0.01
F2227,0.01
F2228,0.01
F2231,0.01
F2305,0.01
F2317,0.01
F2320,0.01
F2331,0.01
F2332,0.01
F2338,0.01
F2373,0.01
F2376,0.01
F2398,0.01
F2399,0.01
F2422,0.01
F2433,0.01
F2477,0.01
F2493,0.01
F2512,0.01
F2519,0.01
F2530,0.01
F2616,0.01
F2665,0.01
F2666,0.01
F2680,0.01
F2692,0.01
F2695,0.01
F2696,0.01
F2702,0.01
F2704,0.01
F2725,0.01
F2817,0.01
F2828,0.01
F2829,0.01
F2830,0.01
F2871,0.01
F2901,0.01
F2931,0.01
F2979,0.01
F3005,0.01
F3011,0.01
F3131,0.01
F3136,0.01
F3218,0.01
F3346,0.01
F3472,0.01
F3475,0.01
F3520,0.01
F3521,0.01
F3522,0.01
F3555,0.01
F3577,0.01
F3579,0.01
F3582,0.01
F3585,0.01
F3591,0.01
F3625,0.01
F3629,0.01
F3631,0.01
F3639,0.01
F3681,0.01
F3689,0.01
F3694,0.01
F3727,0.01
F3728,0.01
F3761,0.01
F3767,0.01
F3771,0.01
F3779,0.01
F3781,0.01
F3784,0.01
F3790,0.01
F3857,0.01
F3862,0.01
F3884,0.01
F3889,0.01
F11,0.005
F52,0.005
F69,0.005
F76,0.005
F79,0.005
F86,0.005
F94,0.005
F97,0.005
F102,0.005
F106,0.005
F135,0.005
F168,0.005
F170,0.005
F173,0.005
F177,0.005
F194,0.005
F205,0.005
F213,0.005
F252,0.005
F257,0.005
F282,0.005
F285,0.005
F286,0.005
F303,0.005
F312,0.005
F313,0.005
F317,0.005
F346,0.005
F353,0.005
F382,0.005
F394,0.005
F395,0.005
F396,0.005
F401,0.005
F418,0.005
F455,0.005
F458,0.005
F484,0.005
F487,0.005
F497,0.005
F498,0.005
F511,0.005
F514,0.005
F515,0.005
F518,0.005
F549,0.005
F552,0.005
F576,0.005
F579,0.005
F582,0.005
F592,0.005
F595,0.005
F602,0.005
F609,0.005
F610,0.005
F626,0.005
F633,0.005
F667,0.005
F735,0.005
F741,0.005
F937,0.005
F938,0.005
F939,0.005
F947,0.005
F985,0.005
F993,0.005
F999,0.005
F1000,0.005
F1001,0.005
F1005,0.005
F1008,0.005
F1009,0.005
F1010,0.005
F1011,0.005
F1034,0.005
F1039,0.005
F1041,0.005
F1051,0.005
F1056,0.005
F1065,0.005
F1087,0.005
F1109,0.005
F1119,0.005
F1148,0.005
F1149,0.005
F1153,0.005
F1156,0.005
F1158,0.005
F1160,0.005
F1161,0.005
F1180,0.005
F1189,0.005
F1197,0.005
F1202,0.005
F1203,0.005
F1209,0.005
F1227,0.005
F1244,0.005
F1250,0.005
F1256,0.005
F1262,0.005
F1317,0.005
F1325,0.005
F1332,0.005
F1335,0.005
F1354,0.005
F1357,0.005
F1369,0.005
F1421,0.005
F1422,0.005
F1424,0.005
F1429,0.005
F1431,0.005
F1436,0.005
F1443,0.005
F1480,0.005
F1493,0.005
F1528,0.005
F1533,0.005
F1534,0.005
F1543,0.005
F1585,0.005
F1618,0.005
F1630,0.005
F1633,0.005
F1636,0.005
F1637,0.005
F1649,0.005
F1650,0.005
F1651,0.005
F1657,0.005
F1658,0.005
F1675,0.005
F1678,0.005
F1682,0.005
F1687,0.005
F1688,0.005
F1689,0.005
F1690,0.005
F1692,0.005
F1694,0.005
F1695,0.005
F1701,0.005
F1709,0.005
F1745,0.005
F1757,0.005
F1762,0.005
F1763,0.005
F1765,0.005
F1768,0.005
F1771,0.005
F1789,0.005
F1794,0.005
F1796,0.005
F1801,0.005
F1837,0.005
F1842,0.005
F1853,0.005
F1857,0.005
F1864,0.005
F1865,0.005
F1871,0.005
F1888,0.005
F1897,0.005
F1901,0.005
F1902,0.005
F1908,0.005
F1909,0.005
F1911,0.005
F1960,0.005
F1983,0.005
F2003,0.005
F2004,0.005
F2005,0.005
F2006,0.005
F2010,0.005
F2013,0.005
F2015,0.005
F2019,0.005
F2032,0.005
F2058,0.005
F2071,0.005
F2073,0.005
F2082,0.005
F2083,0.005
F2088,0.005
F2104,0.005
F2119,0.005
F2122,0.005
F2123,0.005
F2124,0.005
F2133,0.005
F2160,0.005
F2161,0.005
F2164,0.005
F2169,0.005
F2198,0.005
F2222,0.005
F2224,0.005
F2225,0.005
F2226,0.005
F2229,0.005
F2235,0.005
F2237,0.005
F2239,0.005
F2240,0.005
F2273,0.005
F2276,0.005
F2294,0.005
F2296,0.005
F2300,0.005
F2316,0.005
F2318,0.005
F2322,0.005
F2329,0.005
F2330,0.005
F2384,0.005
F2396,0.005
F2402,0.005
F2410,0.005
F2412,0.005
F2414,0.005
F2417,0.005
F2426,0.005
F2428,0.005
F2430,0.005
F2434,0.005
F2435,0.005
F2466,0.005
F2472,0.005
F2495,0.005
F2508,0.005
F2515,0.005
F2516,0.005
F2520,0.005
F2521,0.005
F2557,0.005
F2560,0.005
F2594,0.005
F2597,0.005
F2599,0.005
F2605,0.005
F2608,0.005
F2611,0.005
F2614,0.005
F2615,0.005
F2618,0.005
F2622,0.005
F2626,0.005
F2630,0.005
F2631,0.005
F2633,0.005
F2657,0.005
F2668,0.005
F2698,0.005
F2699,0.005
F2701,0.005
F2711,0.005
F2712,0.005
F2713,0.005
F2726,0.005
F2729,0.005
F2766,0.005
F2793,0.005
F2795,0.005
F2798,0.005
F2803,0.005
F2823,0.005
F2826,0.005
F2827,0.005
F2835,0.005
F2836,0.005
F2849,0.005
F2897,0.005
F2902,0.005
F2926,0.005
F2927,0.005
F2943,0.005
F2975,0.005
F3015,0.005
F3025,0.005
F3032,0.005
F3037,0.005
F3039,0.005
F3045,0.005
F3049,0.005
F3050,0.005
F3051,0.005
F3081,0.005
F3115,0.005
F3116,0.005
F3117,0.005
F3150,0.005
F3227,0.005
F3232,0.005
F3334,0.005
F3340,0.005
F3445,0.005
F3448,0.005
F3476,0.005
F3509,0.005
F3516,0.005
F3523,0.005
F3540,0.005
F3544,0.005
F3547,0.005
F3553,0.005
F3554,0.005
F3570,0.005
F3571,0.005
F3575,0.005
F3576,0.005
F3581,0.005
F3583,0.005
F3584,0.005
F3586,0.005
F3589,0.005
F3590,0.005
F3613,0.005
F3618,0.005
F3619,0.005
F3620,0.005
F3633,0.005
F3648,0.005
F3655,0.005
F3656,0.005
F3657,0.005
F3661,0.005
F3663,0.005
F3667,0.005
F3679,0.005
F3683,0.005
F3692,0.005
F3695,0.005
F3723,0.005
F3724,0.005
F3747,0.005
F3766,0.005
F3778,0.005
F3782,0.005
F3787,0.005
F3789,0.005
F3863,0.005
F3877,0.005
F3879,0.005
F3890,0.005
F3901,0.005
F3906,0.005
F3,0.0
F7,0.0
F8,0.0
F9,0.0
F25,0.0
F26,0.0
F27,0.0
F28,0.0
F29,0.0
F30,0.0
F32,0.0
F34,0.0
F36,0.0
F39,0.0
F41,0.0
F42,0.0
F43,0.0
F44,0.0
F45,0.0
F46,0.0
F48,0.0
F49,0.0
F51,0.0
F65,0.0
F67,0.0
F70,0.0
F78,0.0
F80,0.0
F81,0.0
F82,0.0
F83,0.0
F84,0.0
F104,0.0
F107,0.0
F121,0.0
F122,0.0
F123,0.0
F124,0.0
F125,0.0
F126,0.0
F128,0.0
F129,0.0
F131,0.0
F132,0.0
F134,0.0
F137,0.0
F140,0.0
F143,0.0
F144,0.0
F146,0.0
F149,0.0
F175,0.0
F176,0.0
F179,0.0
F181,0.0
F182,0.0
F183,0.0
F184,0.0
F185,0.0
F186,0.0
F188,0.0
F189,0.0
F191,0.0
F192,0.0
F193,0.0
F195,0.0
F197,0.0
F211,0.0
F212,0.0
F214,0.0
F215,0.0
F216,0.0
F229,0.0
F230,0.0
F231,0.0
F232,0.0
F233,0.0
F234,0.0
F236,0.0
F237,0.0
F239,0.0
F240,0.0
F242,0.0
F245,0.0
F248,0.0
F251,0.0
F254,0.0
F276,0.0
F284,0.0
F287,0.0
F289,0.0
F290,0.0
F291,0.0
F292,0.0
F293,0.0
F295,0.0
F298,0.0
F307,0.0
F310,0.0
F314,0.0
F315,0.0
F316,0.0
F330,0.0
F331,0.0
F332,0.0
F333,0.0
F334,0.0
F335,0.0
F337,0.0
F339,0.0
F341,0.0
F344,0.0
F347,0.0
F348,0.0
F349,0.0
F350,0.0
F355,0.0
F356,0.0
F357,0.0
F372,0.0
F375,0.0
F383,0.0
F384,0.0
F385,0.0
F386,0.0
F387,0.0
F389,0.0
F390,0.0
F392,0.0
F393,0.0
F399,0.0
F412,0.0
F413,0.0
F416,0.0
F430,0.0
F431,0.0
F432,0.0
F433,0.0
F434,0.0
F435,0.0
F437,0.0
F438,0.0
F440,0.0
F441,0.0
F443,0.0
F446,0.0
F449,0.0
F452,0.0
F485,0.0
F486,0.0
F488,0.0
F489,0.0
F491,0.0
F492,0.0
F494,0.0
F495,0.0
F496,0.0
F500,0.0
F509,0.0
F516,0.0
F517,0.0
F519,0.0
F532,0.0
F533,0.0
F534,0.0
F535,0.0
F536,0.0
F537,0.0
F539,0.0
F540,0.0
F542,0.0
F543,0.0
F545,0.0
F548,0.0
F550,0.0
F551,0.0
F553,0.0
F554,0.0
F555,0.0
F557,0.0
F560,0.0
F561,0.0
F584,0.0
F586,0.0
F587,0.0
F588,0.0
F589,0.0
F590,0.0
F591,0.0
F593,0.0
F594,0.0
F596,0.0
F597,0.0
F599,0.0
F611,0.0
F612,0.0
F614,0.0
F615,0.0
F616,0.0
F617,0.0
F618,0.0
F619,0.0
F620,0.0
F621,0.0
F623,0.0
F624,0.0
F627,0.0
F629,0.0
F630,0.0
F632,0.0
F634,0.0
F635,0.0
F636,0.0
F637,0.0
F638,0.0
F639,0.0
F640,0.0
F641,0.0
F642,0.0
F643,0.0
F644,0.0
F645,0.0
F646,0.0
F647,0.0
F648,0.0
F649,0.0
F650,0.0
F651,0.0
F652,0.0
F653,0.0
F654,0.0
F655,0.0
F656,0.0
F657,0.0
F658,0.0
F659,0.0
F660,0.0
F661,0.0
F662,0.0
F663,0.0
F664,0.0
F665,0.0
F666,0.0
F668,0.0
F669,0.0
F671,0.0
F674,0.0
F675,0.0
F676,0.0
F677,0.0
F678,0.0
F679,0.0
F680,0.0
F681,0.0
F682,0.0
F683,0.0
F684,0.0
F685,0.0
F686,0.0
F687,0.0
F688,0.0
F689,0.0
F690,0.0
F691,0.0
F692,0.0
F693,0.0
F694,0.0
F695,0.0
F696,0.0
F697,0.0
F698,0.0
F699,0.0
F700,0.0
F701,0.0
F702,0.0
F703,0.0
F704,0.0
F705,0.0
F706,0.0
F707,0.0
F708,0.0
F709,0.0
F710,0.0
F711,0.0
F712,0.0
F713,0.0
F714,0.0
F715,0.0
F716,0.0
F717,0.0
F718,0.0
F719,0.0
F720,0.0
F721,0.0
F722,0.0
F723,0.0
F724,0.0
F725,0.0
F726,0.0
F727,0.0
F728,0.0
F729,0.0
F731,0.0
F732,0.0
F734,0.0
F737,0.0
F738,0.0
F740,0.0
F742,0.0
F743,0.0
F744,0.0
F745,0.0
F746,0.0
F747,0.0
F748,0.0
F749,0.0
F750,0.0
F751,0.0
F752,0.0
F753,0.0
F754,0.0
F755,0.0
F756,0.0
F757,0.0
F758,0.0
F759,0.0
F760,0.0
F761,0.0
F762,0.0
F763,0.0
F764,0.0
F765,0.0
F766,0.0
F767,0.0
F768,0.0
F769,0.0
F770,0.0
F771,0.0
F772,0.0
F773,0.0
F774,0.0
F775,0.0
F776,0.0
F777,0.0
F779,0.0
F780,0.0
F782,0.0
F783,0.0
F784,0.0
F785,0.0
F786,0.0
F787,0.0
F788,0.0
F789,0.0
F790,0.0
F791,0.0
F792,0.0
F793,0.0
F794,0.0
F795,0.0
F796,0.0
F797,0.0
F798,0.0
F799,0.0
F800,0.0
F801,0.0
F802,0.0
F803,0.0
F804,0.0
F805,0.0
F806,0.0
F807,0.0
F808,0.0
F809,0.0
F810,0.0
F811,0.0
F812,0.0
F813,0.0
F814,0.0
F815,0.0
F816,0.0
F817,0.0
F818,0.0
F819,0.0
F820,0.0
F821,0.0
F822,0.0
F823,0.0
F824,0.0
F825,0.0
F826,0.0
F827,0.0
F828,0.0
F829,0.0
F830,0.0
F831,0.0
F832,0.0
F833,0.0
F834,0.0
F835,0.0
F836,0.0
F837,0.0
F839,0.0
F840,0.0
F842,0.0
F843,0.0
F845,0.0
F846,0.0
F848,0.0
F849,0.0
F850,0.0
F851,0.0
F852,0.0
F853,0.0
F854,0.0
F855,0.0
F856,0.0
F857,0.0
F858,0.0
F859,0.0
F860,0.0
F861,0.0
F862,0.0
F863,0.0
F864,0.0
F865,0.0
F866,0.0
F867,0.0
F868,0.0
F869,0.0
F870,0.0
F871,0.0
F872,0.0
F873,0.0
F874,0.0
F875,0.0
F876,0.0
F877,0.0
F878,0.0
F879,0.0
F880,0.0
F881,0.0
F882,0.0
F883,0.0
F884,0.0
F885,0.0
F887,0.0
F888,0.0
F890,0.0
F891,0.0
F892,0.0
F893,0.0
F894,0.0
F895,0.0
F896,0.0
F897,0.0
F898,0.0
F899,0.0
F900,0.0
F901,0.0
F902,0.0
F903,0.0
F904,0.0
F905,0.0
F906,0.0
F907,0.0
F908,0.0
F909,0.0
F910,0.0
F911,0.0
F912,0.0
F913,0.0
F914,0.0
F915,0.0
F916,0.0
F917,0.0
F918,0.0
F919,0.0
F920,0.0
F921,0.0
F922,0.0
F923,0.0
F924,0.0
F925,0.0
F926,0.0
F927,0.0
F928,0.0
F929,0.0
F930,0.0
F931,0.0
F932,0.0
F933,0.0
F936,0.0
F940,0.0
F941,0.0
F942,0.0
F943,0.0
F944,0.0
F945,0.0
F946,0.0
F948,0.0
F952,0.0
F958,0.0
F959,0.0
F960,0.0
F961,0.0
F962,0.0
F963,0.0
F965,0.0
F966,0.0
F968,0.0
F969,0.0
F971,0.0
F973,0.0
F974,0.0
F975,0.0
F976,0.0
F977,0.0
F978,0.0
F979,0.0
F980,0.0
F981,0.0
F982,0.0
F983,0.0
F986,0.0
F987,0.0
F989,0.0
F990,0.0
F1002,0.0
F1003,0.0
F1007,0.0
F1013,0.0
F1014,0.0
F1016,0.0
F1017,0.0
F1018,0.0
F1019,0.0
F1020,0.0
F1021,0.0
F1022,0.0
F1023,0.0
F1024,0.0
F1025,0.0
F1026,0.0
F1027,0.0
F1029,0.0
F1030,0.0
F1031,0.0
F1032,0.0
F1033,0.0
F1035,0.0
F1036,0.0
F1037,0.0
F1038,0.0
F1044,0.0
F1046,0.0
F1048,0.0
F1049,0.0
F1050,0.0
F1052,0.0
F1053,0.0
F1054,0.0
F1055,0.0
F1060,0.0
F1062,0.0
F1066,0.0
F1067,0.0
F1068,0.0
F1069,0.0
F1070,0.0
F1071,0.0
F1073,0.0
F1074,0.0
F1076,0.0
F1077,0.0
F1079,0.0
F1081,0.0
F1082,0.0
F1085,0.0
F1088,0.0
F1089,0.0
F1090,0.0
F1091,0.0
F1094,0.0
F1098,0.0
F1100,0.0
F1101,0.0
F1102,0.0
F1104,0.0
F1108,0.0
F1113,0.0
F1114,0.0
F1115,0.0
F1116,0.0
F1117,0.0
F1118,0.0
F1120,0.0
F1121,0.0
F1122,0.0
F1124,0.0
F1125,0.0
F1126,0.0
F1127,0.0
F1128,0.0
F1129,0.0
F1130,0.0
F1131,0.0
F1132,0.0
F1133,0.0
F1134,0.0
F1135,0.0
F1136,0.0
F1137,0.0
F1139,0.0
F1140,0.0
F1141,0.0
F1142,0.0
F1143,0.0
F1144,0.0
F1145,0.0
F1150,0.0
F1155,0.0
F1159,0.0
F1162,0.0
F1163,0.0
F1164,0.0
F1168,0.0
F1169,0.0
F1170,0.0
F1174,0.0
F1175,0.0
F1176,0.0
F1177,0.0
F1178,0.0
F1179,0.0
F1181,0.0
F1182,0.0
F1184,0.0
F1185,0.0
F1187,0.0
F1190,0.0
F1191,0.0
F1193,0.0
F1196,0.0
F1199,0.0
F1210,0.0
F1217,0.0
F1221,0.0
F1225,0.0
F1226,0.0
F1228,0.0
F1229,0.0
F1230,0.0
F1232,0.0
F1233,0.0
F1234,0.0
F1235,0.0
F1236,0.0
F1237,0.0
F1238,0.0
F1239,0.0
F1240,0.0
F1241,0.0
F1242,0.0
F1243,0.0
F1245,0.0
F1247,0.0
F1248,0.0
F1249,0.0
F1251,0.0
F1252,0.0
F1254,0.0
F1260,0.0
F1263,0.0
F1264,0.0
F1265,0.0
F1266,0.0
F1267,0.0
F1268,0.0
F1269,0.0
F1271,0.0
F1272,0.0
F1282,0.0
F1283,0.0
F1284,0.0
F1285,0.0
F1286,0.0
F1287,0.0
F1288,0.0
F1289,0.0
F1290,0.0
F1291,0.0
F1292,0.0
F1293,0.0
F1294,0.0
F1295,0.0
F1296,0.0
F1297,0.0
F1298,0.0
F1299,0.0
F1300,0.0
F1301,0.0
F1302,0.0
F1303,0.0
F1304,0.0
F1305,0.0
F1306,0.0
F1307,0.0
F1308,0.0
F1309,0.0
F1310,0.0
F1311,0.0
F1313,0.0
F1314,0.0
F1326,0.0
F1327,0.0
F1328,0.0
F1329,0.0
F1331,0.0
F1333,0.0
F1334,0.0
F1336,0.0
F1337,0.0
F1338,0.0
F1339,0.0
F1340,0.0
F1341,0.0
F1342,0.0
F1343,0.0
F1344,0.0
F1345,0.0
F1346,0.0
F1347,0.0
F1348,0.0
F1349,0.0
F1350,0.0
F1351,0.0
F1352,0.0
F1353,0.0
F1355,0.0
F1356,0.0
F1358,0.0
F1359,0.0
F1360,0.0
F1361,0.0
F1362,0.0
F1363,0.0
F1365,0.0
F1366,0.0
F1368,0.0
F1370,0.0
F1371,0.0
F1372,0.0
F1373,0.0
F1374,0.0
F1375,0.0
F1376,0.0
F1377,0.0
F1379,0.0
F1380,0.0
F1390,0.0
F1391,0.0
F1392,0.0
F1393,0.0
F1394,0.0
F1395,0.0
F1396,0.0
F1397,0.0
F1398,0.0
F1399,0.0
F1400,0.0
F1401,0.0
F1402,0.0
F1403,0.0
F1404,0.0
F1405,0.0
F1406,0.0
F1407,0.0
F1408,0.0
F1409,0.0
F1410,0.0
F1411,0.0
F1412,0.0
F1413,0.0
F1414,0.0
F1415,0.0
F1416,0.0
F1417,0.0
F1418,0.0
F1419,0.0
F1425,0.0
F1426,0.0
F1432,0.0
F1433,0.0
F1434,0.0
F1435,0.0
F1437,0.0
F1439,0.0
F1441,0.0
F1442,0.0
F1444,0.0
F1445,0.0
F1446,0.0
F1447,0.0
F1448,0.0
F1449,0.0
F1450,0.0
F1451,0.0
F1452,0.0
F1453,0.0
F1454,0.0
F1455,0.0
F1456,0.0
F1457,0.0
F1458,0.0
F1459,0.0
F1460,0.0
F1461,0.0
F1463,0.0
F1464,0.0
F1466,0.0
F1468,0.0
F1469,0.0
F1470,0.0
F1471,0.0
F1472,0.0
F1473,0.0
F1474,0.0
F1478,0.0
F1479,0.0
F1481,0.0
F1482,0.0
F1483,0.0
F1484,0.0
F1485,0.0
F1487,0.0
F1488,0.0
F1494,0.0
F1498,0.0
F1499,0.0
F1500,0.0
F1501,0.0
F1502,0.0
F1503,0.0
F1504,0.0
F1505,0.0
F1506,0.0
F1507,0.0
F1508,0.0
F1509,0.0
F1511,0.0
F1513,0.0
F1514,0.0
F1515,0.0
F1516,0.0
F1517,0.0
F1518,0.0
F1519,0.0
F1520,0.0
F1521,0.0
F1522,0.0
F1523,0.0
F1524,0.0
F1525,0.0
F1526,0.0
F1527,0.0
F1541,0.0
F1542,0.0
F1544,0.0
F1545,0.0
F1546,0.0
F1547,0.0
F1548,0.0
F1549,0.0
F1550,0.0
F1551,0.0
F1552,0.0
F1553,0.0
F1554,0.0
F1555,0.0
F1556,0.0
F1557,0.0
F1558,0.0
F1559,0.0
F1560,0.0
F1561,0.0
F1562,0.0
F1563,0.0
F1564,0.0
F1565,0.0
F1566,0.0
F1567,0.0
F1568,0.0
F1569,0.0
F1571,0.0
F1573,0.0
F1574,0.0
F1575,0.0
F1576,0.0
F1577,0.0
F1578,0.0
F1579,0.0
F1580,0.0
F1581,0.0
F1582,0.0
F1583,0.0
F1584,0.0
F1586,0.0
F1587,0.0
F1588,0.0
F1589,0.0
F1590,0.0
F1591,0.0
F1592,0.0
F1593,0.0
F1606,0.0
F1607,0.0
F1608,0.0
F1609,0.0
F1610,0.0
F1611,0.0
F1613,0.0
F1614,0.0
F1616,0.0
F1617,0.0
F1619,0.0
F1620,0.0
F1621,0.0
F1622,0.0
F1623,0.0
F1624,0.0
F1625,0.0
F1626,0.0
F1627,0.0
F1628,0.0
F1631,0.0
F1634,0.0
F1641,0.0
F1648,0.0
F1653,0.0
F1654,0.0
F1655,0.0
F1656,0.0
F1659,0.0
F1661,0.0
F1662,0.0
F1664,0.0
F1665,0.0
F1666,0.0
F1667,0.0
F1668,0.0
F1669,0.0
F1670,0.0
F1671,0.0
F1672,0.0
F1673,0.0
F1674,0.0
F1676,0.0
F1677,0.0
F1679,0.0
F1680,0.0
F1681,0.0
F1683,0.0
F1684,0.0
F1686,0.0
F1691,0.0
F1693,0.0
F1696,0.0
F1697,0.0
F1698,0.0
F1699,0.0
F1700,0.0
F1714,0.0
F1715,0.0
F1716,0.0
F1717,0.0
F1718,0.0
F1719,0.0
F1721,0.0
F1722,0.0
F1724,0.0
F1725,0.0
F1726,0.0
F1727,0.0
F1728,0.0
F1729,0.0
F1730,0.0
F1731,0.0
F1732,0.0
F1733,0.0
F1734,0.0
F1735,0.0
F1736,0.0
F1739,0.0
F1742,0.0
F1746,0.0
F1749,0.0
F1758,0.0
F1761,0.0
F1764,0.0
F1766,0.0
F1767,0.0
F1769,0.0
F1770,0.0
F1772,0.0
F1773,0.0
F1774,0.0
F1775,0.0
F1776,0.0
F1777,0.0
F1778,0.0
F1779,0.0
F1780,0.0
F1781,0.0
F1782,0.0
F1783,0.0
F1784,0.0
F1785,0.0
F1786,0.0
F1787,0.0
F1788,0.0
F1790,0.0
F1791,0.0
F1798,0.0
F1799,0.0
F1800,0.0
F1802,0.0
F1803,0.0
F1804,0.0
F1805,0.0
F1806,0.0
F1807,0.0
F1808,0.0
F1809,0.0
F1822,0.0
F1823,0.0
F1824,0.0
F1825,0.0
F1826,0.0
F1827,0.0
F1829,0.0
F1830,0.0
F1832,0.0
F1833,0.0
F1834,0.0
F1835,0.0
F1836,0.0
F1838,0.0
F1839,0.0
F1840,0.0
F1841,0.0
F1843,0.0
F1844,0.0
F1846,0.0
F1847,0.0
F1848,0.0
F1850,0.0
F1854,0.0
F1866,0.0
F1869,0.0
F1870,0.0
F1872,0.0
F1873,0.0
F1874,0.0
F1875,0.0
F1877,0.0
F1878,0.0
F1879,0.0
F1880,0.0
F1881,0.0
F1882,0.0
F1883,0.0
F1884,0.0
F1885,0.0
F1886,0.0
F1887,0.0
F1889,0.0
F1890,0.0
F1892,0.0
F1893,0.0
F1894,0.0
F1895,0.0
F1896,0.0
F1898,0.0
F1899,0.0
F1900,0.0
F1903,0.0
F1904,0.0
F1912,0.0
F1913,0.0
F1914,0.0
F1915,0.0
F1916,0.0
F1917,0.0
F1930,0.0
F1931,0.0
F1932,0.0
F1933,0.0
F1934,0.0
F1935,0.0
F1937,0.0
F1938,0.0
F1940,0.0
F1941,0.0
F1942,0.0
F1943,0.0
F1944,0.0
F1945,0.0
F1946,0.0
F1947,0.0
F1948,0.0
F1949,0.0
F1950,0.0
F1951,0.0
F1952,0.0
F1955,0.0
F1958,0.0
F1965,0.0
F1977,0.0
F1978,0.0
F1980,0.0
F1981,0.0
F1982,0.0
F1985,0.0
F1986,0.0
F1988,0.0
F1989,0.0
F1990,0.0
F1991,0.0
F1992,0.0
F1993,0.0
F1994,0.0
F1995,0.0
F1997,0.0
F1998,0.0
F1999,0.0
F2000,0.0
F2001,0.0
F2002,0.0
F2007,0.0
F2011,0.0
F2012,0.0
F2016,0.0
F2018,0.0
F2020,0.0
F2021,0.0
F2022,0.0
F2023,0.0
F2024,0.0
F2025,0.0
F2038,0.0
F2039,0.0
F2040,0.0
F2041,0.0
F2042,0.0
F2043,0.0
F2045,0.0
F2046,0.0
F2048,0.0
F2049,0.0
F2051,0.0
F2052,0.0
F2053,0.0
F2054,0.0
F2055,0.0
F2056,0.0
F2057,0.0
F2059,0.0
F2060,0.0
F2061,0.0
F2063,0.0
F2066,0.0
F2085,0.0
F2086,0.0
F2089,0.0
F2090,0.0
F2091,0.0
F2093,0.0
F2094,0.0
F2096,0.0
F2097,0.0
F2098,0.0
F2099,0.0
F2100,0.0
F2101,0.0
F2102,0.0
F2103,0.0
F2105,0.0
F2106,0.0
F2108,0.0
F2109,0.0
F2111,0.0
F2112,0.0
F2113,0.0
F2114,0.0
F2115,0.0
F2120,0.0
F2125,0.0
F2126,0.0
F2127,0.0
F2128,0.0
F2129,0.0
F2130,0.0
F2131,0.0
F2132,0.0
F2146,0.0
F2147,0.0
F2148,0.0
F2149,0.0
F2150,0.0
F2151,0.0
F2153,0.0
F2154,0.0
F2156,0.0
F2157,0.0
F2158,0.0
F2159,0.0
F2162,0.0
F2163,0.0
F2165,0.0
F2166,0.0
F2167,0.0
F2168,0.0
F2171,0.0
F2174,0.0
F2181,0.0
F2190,0.0
F2193,0.0
F2194,0.0
F2196,0.0
F2197,0.0
F2199,0.0
F2201,0.0
F2202,0.0
F2204,0.0
F2205,0.0
F2206,0.0
F2207,0.0
F2208,0.0
F2209,0.0
F2210,0.0
F2211,0.0
F2213,0.0
F2214,0.0
F2216,0.0
F2217,0.0
F2219,0.0
F2220,0.0
F2221,0.0
F2223,0.0
F2232,0.0
F2234,0.0
F2238,0.0
F2241,0.0
F2254,0.0
F2255,0.0
F2256,0.0
F2257,0.0
F2258,0.0
F2259,0.0
F2260,0.0
F2262,0.0
F2264,0.0
F2265,0.0
F2266,0.0
F2267,0.0
F2268,0.0
F2269,0.0
F2270,0.0
F2271,0.0
F2272,0.0
F2274,0.0
F2275,0.0
F2277,0.0
F2280,0.0
F2299,0.0
F2301,0.0
F2304,0.0
F2306,0.0
F2307,0.0
F2308,0.0
F2309,0.0
F2310,0.0
F2311,0.0
F2312,0.0
F2313,0.0
F2314,0.0
F2319,0.0
F2321,0.0
F2323,0.0
F2324,0.0
F2325,0.0
F2326,0.0
F2333,0.0
F2334,0.0
F2335,0.0
F2336,0.0
F2337,0.0
F2351,0.0
F2352,0.0
F2353,0.0
F2354,0.0
F2355,0.0
F2356,0.0
F2358,0.0
F2360,0.0
F2361,0.0
F2362,0.0
F2363,0.0
F2364,0.0
F2365,0.0
F2366,0.0
F2367,0.0
F2368,0.0
F2369,0.0
F2370,0.0
F2371,0.0
F2372,0.0
F2374,0.0
F2377,0.0
F2378,0.0
F2393,0.0
F2400,0.0
F2401,0.0
F2403,0.0
F2404,0.0
F2405,0.0
F2406,0.0
F2407,0.0
F2409,0.0
F2411,0.0
F2413,0.0
F2415,0.0
F2416,0.0
F2419,0.0
F2421,0.0
F2427,0.0
F2431,0.0
F2432,0.0
F2448,0.0
F2449,0.0
F2450,0.0
F2451,0.0
F2452,0.0
F2453,0.0
F2455,0.0
F2456,0.0
F2458,0.0
F2459,0.0
F2460,0.0
F2461,0.0
F2462,0.0
F2463,0.0
F2464,0.0
F2465,0.0
F2467,0.0
F2468,0.0
F2469,0.0
F2470,0.0
F2471,0.0
F2473,0.0
F2476,0.0
F2490,0.0
F2492,0.0
F2497,0.0
F2500,0.0
F2502,0.0
F2503,0.0
F2504,0.0
F2505,0.0
F2507,0.0
F2509,0.0
F2510,0.0
F2511,0.0
F2513,0.0
F2514,0.0
F2526,0.0
F2528,0.0
F2529,0.0
F2531,0.0
F2533,0.0
F2545,0.0
F2546,0.0
F2547,0.0
F2548,0.0
F2549,0.0
F2550,0.0
F2552,0.0
F2553,0.0
F2555,0.0
F2556,0.0
F2558,0.0
F2559,0.0
F2561,0.0
F2562,0.0
F2563,0.0
F2564,0.0
F2565,0.0
F2566,0.0
F2567,0.0
F2568,0.0
F2570,0.0
F2573,0.0
F2589,0.0
F2592,0.0
F2600,0.0
F2601,0.0
F2602,0.0
F2603,0.0
F2604,0.0
F2606,0.0
F2607,0.0
F2609,0.0
F2617,0.0
F2620,0.0
F2628,0.0
F2629,0.0
F2632,0.0
F2642,0.0
F2646,0.0
F2647,0.0
F2648,0.0
F2649,0.0
F2650,0.0
F2651,0.0
F2653,0.0
F2655,0.0
F2656,0.0
F2658,0.0
F2659,0.0
F2660,0.0
F2661,0.0
F2662,0.0
F2664,0.0
F2667,0.0
F2670,0.0
F2673,0.0
F2689,0.0
F2700,0.0
F2703,0.0
F2705,0.0
F2706,0.0
F2707,0.0
F2708,0.0
F2709,0.0
F2710,0.0
F2714,0.0
F2715,0.0
F2728,0.0
F2731,0.0
F2732,0.0
F2734,0.0
F2746,0.0
F2747,0.0
F2748,0.0
F2749,0.0
F2750,0.0
F2751,0.0
F2753,0.0
F2754,0.0
F2756,0.0
F2757,0.0
F2758,0.0
F2759,0.0
F2760,0.0
F2761,0.0
F2762,0.0
F2763,0.0
F2764,0.0
F2765,0.0
F2767,0.0
F2768,0.0
F2769,0.0
F2771,0.0
F2774,0.0
F2790,0.0
F2800,0.0
F2801,0.0
F2802,0.0
F2804,0.0
F2805,0.0
F2806,0.0
F2807,0.0
F2808,0.0
F2809,0.0
F2810,0.0
F2811,0.0
F2812,0.0
F2813,0.0
F2814,0.0
F2815,0.0
F2816,0.0
F2818,0.0
F2820,0.0
F2821,0.0
F2822,0.0
F2832,0.0
F2833,0.0
F2834,0.0
F2838,0.0
F2839,0.0
F2840,0.0
F2844,0.0
F2845,0.0
F2846,0.0
F2847,0.0
F2850,0.0
F2851,0.0
F2852,0.0
F2853,0.0
F2854,0.0
F2855,0.0
F2856,0.0
F2857,0.0
F2858,0.0
F2860,0.0
F2861,0.0
F2862,0.0
F2863,0.0
F2864,0.0
F2866,0.0
F2867,0.0
F2868,0.0
F2869,0.0
F2870,0.0
F2872,0.0
F2873,0.0
F2874,0.0
F2875,0.0
F2876,0.0
F2878,0.0
F2880,0.0
F2881,0.0
F2882,0.0
F2886,0.0
F2887,0.0
F2888,0.0
F2892,0.0
F2893,0.0
F2894,0.0
F2898,0.0
F2899,0.0
F2900,0.0
F2903,0.0
F2904,0.0
F2905,0.0
F2906,0.0
F2908,0.0
F2909,0.0
F2910,0.0
F2911,0.0
F2912,0.0
F2913,0.0
F2914,0.0
F2915,0.0
F2916,0.0
F2917,0.0
F2918,0.0
F2920,0.0
F2921,0.0
F2922,0.0
F2923,0.0
F2924,0.0
F2928,0.0
F2929,0.0
F2930,0.0
F2932,0.0
F2934,0.0
F2935,0.0
F2936,0.0
F2939,0.0
F2940,0.0
F2941,0.0
F2942,0.0
F2944,0.0
F2945,0.0
F2946,0.0
F2947,0.0
F2948,0.0
F2952,0.0
F2953,0.0
F2954,0.0
F2958,0.0
F2959,0.0
F2960,0.0
F2961,0.0
F2962,0.0
F2963,0.0
F2964,0.0
F2965,0.0
F2966,0.0
F2968,0.0
F2969,0.0
F2970,0.0
F2971,0.0
F2972,0.0
F2974,0.0
F2976,0.0
F2977,0.0
F2978,0.0
F2980,0.0
F2981,0.0
F2982,0.0
F2983,0.0
F2984,0.0
F2986,0.0
F2988,0.0
F2989,0.0
F2990,0.0
F2994,0.0
F2995,0.0
F2996,0.0
F3000,0.0
F3001,0.0
F3002,0.0
F3006,0.0
F3007,0.0
F3008,0.0
F3010,0.0
F3012,0.0
F3013,0.0
F3014,0.0
F3016,0.0
F3017,0.0
F3018,0.0
F3019,0.0
F3020,0.0
F3021,0.0
F3022,0.0
F3023,0.0
F3024,0.0
F3026,0.0
F3027,0.0
F3028,0.0
F3029,0.0
F3030,0.0
F3031,0.0
F3033,0.0
F3034,0.0
F3035,0.0
F3036,0.0
F3040,0.0
F3041,0.0
F3042,0.0
F3046,0.0
F3047,0.0
F3048,0.0
F3052,0.0
F3053,0.0
F3054,0.0
F3058,0.0
F3059,0.0
F3060,0.0
F3064,0.0
F3065,0.0
F3066,0.0
F3067,0.0
F3068,0.0
F3069,0.0
F3070,0.0
F3071,0.0
F3072,0.0
F3074,0.0
F3075,0.0
F3076,0.0
F3077,0.0
F3078,0.0
F3080,0.0
F3082,0.0
F3083,0.0
F3084,0.0
F3086,0.0
F3088,0.0
F3089,0.0
F3090,0.0
F3092,0.0
F3094,0.0
F3095,0.0
F3096,0.0
F3100,0.0
F3101,0.0
F3102,0.0
F3106,0.0
F3107,0.0
F3108,0.0
F3112,0.0
F3113,0.0
F3114,0.0
F3118,0.0
F3119,0.0
F3120,0.0
F3122,0.0
F3123,0.0
F3124,0.0
F3125,0.0
F3126,0.0
F3127,0.0
F3128,0.0
F3129,0.0
F3130,0.0
F3132,0.0
F3133,0.0
F3134,0.0
F3135,0.0
F3137,0.0
F3139,0.0
F3140,0.0
F3141,0.0
F3145,0.0
F3146,0.0
F3147,0.0
F3148,0.0
F3149,0.0
F3151,0.0
F3152,0.0
F3153,0.0
F3154,0.0
F3155,0.0
F3156,0.0
F3157,0.0
F3158,0.0
F3159,0.0
F3160,0.0
F3161,0.0
F3162,0.0
F3163,0.0
F3164,0.0
F3165,0.0
F3166,0.0
F3167,0.0
F3168,0.0
F3169,0.0
F3170,0.0
F3171,0.0
F3172,0.0
F3173,0.0
F3174,0.0
F3175,0.0
F3176,0.0
F3177,0.0
F3178,0.0
F3179,0.0
F3180,0.0
F3181,0.0
F3182,0.0
F3183,0.0
F3184,0.0
F3185,0.0
F3186,0.0
F3187,0.0
F3188,0.0
F3189,0.0
F3190,0.0
F3191,0.0
F3192,0.0
F3193,0.0
F3194,0.0
F3195,0.0
F3196,0.0
F3198,0.0
F3199,0.0
F3200,0.0
F3201,0.0
F3202,0.0
F3203,0.0
F3204,0.0
F3205,0.0
F3206,0.0
F3207,0.0
F3208,0.0
F3209,0.0
F3210,0.0
F3211,0.0
F3212,0.0
F3213,0.0
F3214,0.0
F3215,0.0
F3216,0.0
F3217,0.0
F3219,0.0
F3220,0.0
F3221,0.0
F3222,0.0
F3223,0.0
F3224,0.0
F3225,0.0
F3228,0.0
F3230,0.0
F3231,0.0
F3233,0.0
F3234,0.0
F3235,0.0
F3236,0.0
F3237,0.0
F3239,0.0
F3240,0.0
F3241,0.0
F3242,0.0
F3243,0.0
F3244,0.0
F3245,0.0
F3246,0.0
F3247,0.0
F3248,0.0
F3249,0.0
F3250,0.0
F3251,0.0
F3252,0.0
F3253,0.0
F3254,0.0
F3255,0.0
F3256,0.0
F3257,0.0
F3259,0.0
F3260,0.0
F3261,0.0
F3262,0.0
F3263,0.0
F3264,0.0
F3265,0.0
F3266,0.0
F3267,0.0
F3268,0.0
F3269,0.0
F3270,0.0
F3271,0.0
F3272,0.0
F3273,0.0
F3274,0.0
F3275,0.0
F3276,0.0
F3277,0.0
F3278,0.0
F3279,0.0
F3280,0.0
F3281,0.0
F3282,0.0
F3283,0.0
F3284,0.0
F3285,0.0
F3286,0.0
F3287,0.0
F3288,0.0
F3289,0.0
F3290,0.0
F3291,0.0
F3292,0.0
F3293,0.0
F3294,0.0
F3295,0.0
F3296,0.0
F3297,0.0
F3298,0.0
F3299,0.0
F3300,0.0
F3301,0.0
F3302,0.0
F3303,0.0
F3304,0.0
F3305,0.0
F3306,0.0
F3307,0.0
F3308,0.0
F3309,0.0
F3310,0.0
F3311,0.0
F3312,0.0
F3313,0.0
F3314,0.0
F3315,0.0
F3316,0.0
F3317,0.0
F3318,0.0
F3319,0.0
F3320,0.0
F3321,0.0
F3322,0.0
F3323,0.0
F3324,0.0
F3325,0.0
F3327,0.0
F3328,0.0
F3329,0.0
F3330,0.0
F3331,0.0
F3332,0.0
F3333,0.0
F3335,0.0
F3336,0.0
F3338,0.0
F3339,0.0
F3341,0.0
F3342,0.0
F3343,0.0
F3344,0.0
F3345,0.0
F3347,0.0
F3348,0.0
F3349,0.0
F3350,0.0
F3351,0.0
F3352,0.0
F3353,0.0
F3354,0.0
F3355,0.0
F3356,0.0
F3357,0.0
F3358,0.0
F3359,0.0
F3360,0.0
F3361,0.0
F3362,0.0
F3363,0.0
F3364,0.0
F3365,0.0
F3366,0.0
F3367,0.0
F3368,0.0
F3369,0.0
F3370,0.0
F3371,0.0
F3372,0.0
F3373,0.0
F3374,0.0
F3375,0.0
F3376,0.0
F3377,0.0
F3378,0.0
F3379,0.0
F3380,0.0
F3381,0.0
F3382,0.0
F3383,0.0
F3384,0.0
F3385,0.0
F3386,0.0
F3387,0.0
F3388,0.0
F3389,0.0
F3390,0.0
F3391,0.0
F3392,0.0
F3393,0.0
F3394,0.0
F3395,0.0
F3396,0.0
F3397,0.0
F3398,0.0
F3399,0.0
F3400,0.0
F3402,0.0
F3403,0.0
F3405,0.0
F3406,0.0
F3407,0.0
F3408,0.0
F3409,0.0
F3410,0.0
F3411,0.0
F3412,0.0
F3413,0.0
F3414,0.0
F3415,0.0
F3416,0.0
F3417,0.0
F3418,0.0
F3419,0.0
F3420,0.0
F3421,0.0
F3422,0.0
F3423,0.0
F3424,0.0
F3425,0.0
F3426,0.0
F3427,0.0
F3428,0.0
F3429,0.0
F3430,0.0
F3431,0.0
F3432,0.0
F3433,0.0
F3434,0.0
F3435,0.0
F3436,0.0
F3437,0.0
F3438,0.0
F3439,0.0
F3440,0.0
F3441,0.0
F3442,0.0
F3444,0.0
F3447,0.0
F3449,0.0
F3450,0.0
F3451,0.0
F3452,0.0
F3453,0.0
F3455,0.0
F3456,0.0
F3457,0.0
F3458,0.0
F3459,0.0
F3460,0.0
F3461,0.0
F3462,0.0
F3463,0.0
F3464,0.0
F3465,0.0
F3466,0.0
F3467,0.0
F3468,0.0
F3469,0.0
F3470,0.0
F3471,0.0
F3473,0.0
F3474,0.0
F3477,0.0
F3478,0.0
F3479,0.0
F3480,0.0
F3481,0.0
F3482,0.0
F3483,0.0
F3496,0.0
F3497,0.0
F3498,0.0
F3499,0.0
F3500,0.0
F3501,0.0
F3503,0.0
F3504,0.0
F3506,0.0
F3507,0.0
F3508,0.0
F3510,0.0
F3511,0.0
F3512,0.0
F3513,0.0
F3514,0.0
F3517,0.0
F3524,0.0
F3525,0.0
F3543,0.0
F3545,0.0
F3546,0.0
F3548,0.0
F3549,0.0
F3551,0.0
F3556,0.0
F3557,0.0
F3558,0.0
F3559,0.0
F3560,0.0
F3561,0.0
F3562,0.0
F3563,0.0
F3564,0.0
F3565,0.0
F3566,0.0
F3567,0.0
F3569,0.0
F3572,0.0
F3573,0.0
F3578,0.0
F3580,0.0
F3587,0.0
F3588,0.0
F3604,0.0
F3605,0.0
F3606,0.0
F3607,0.0
F3608,0.0
F3609,0.0
F3611,0.0
F3614,0.0
F3615,0.0
F3616,0.0
F3617,0.0
F3621,0.0
F3622,0.0
F3623,0.0
F3624,0.0
F3626,0.0
F3627,0.0
F3632,0.0
F3651,0.0
F3652,0.0
F3653,0.0
F3654,0.0
F3659,0.0
F3662,0.0
F3664,0.0
F3665,0.0
F3666,0.0
F3668,0.0
F3669,0.0
F3670,0.0
F3671,0.0
F3672,0.0
F3673,0.0
F3674,0.0
F3675,0.0
F3680,0.0
F3686,0.0
F3690,0.0
F3696,0.0
F3697,0.0
F3698,0.0
F3699,0.0
F3712,0.0
F3713,0.0
F3714,0.0
F3715,0.0
F3716,0.0
F3717,0.0
F3719,0.0
F3722,0.0
F3726,0.0
F3730,0.0
F3731,0.0
F3732,0.0
F3734,0.0
F3737,0.0
F3740,0.0
F3756,0.0
F3758,0.0
F3759,0.0
F3762,0.0
F3763,0.0
F3764,0.0
F3765,0.0
F3769,0.0
F3770,0.0
F3772,0.0
F3773,0.0
F3774,0.0
F3775,0.0
F3776,0.0
F3777,0.0
F3780,0.0
F3783,0.0
F3785,0.0
F3788,0.0
F3791,0.0
F3874,0.0
F3875,0.0
F3876,0.0
F3878,0.0
F3895,0.0
F3902,0.0
F3903,0.0
F3905,0.0
F3910,0.0
F3911,0.0
F3915,0.0
F3917,0.0
F3918,0.0
